,Silhouette Score,Davies-Bouldin Index,Calinski-Harabasz Index
K-Means,0.4020000100135803,0.836,52556.30078125
PSO,0.26899999380111694,2.375,2263.699951171875
ABC,0.5929999947547913,0.573,31507.69921875
ACOR,0.5860000252723694,0.569,32854.19921875
