,Silhouette Score,Davies-Bouldin Index,Calinski-Harabasz Index
K-Means,0.22615346967303795,6.888934037792458,3255.104043647921
PSO,0.36594811322546883,0.9225701688527017,9842.251241438775
ABC,0.3545452769690908,0.9364435192950008,9504.69780081576
ACOR,0.36746104604563745,0.8523975398441035,9461.807292906473
