,cost,silhouette
KMeans,-1.0,0.3818122924123559
PSO,289944.3541957542,0.5080258454926304
ABC,337574.2993390767,0.41990198094313236
ACOR,342302.4255016558,0.4546655479393702
