PC,Proportion.Variance.Explained
1,0.022658123627693406
2,0.008509940696511105
3,0.004686501034553528
4,0.004563625577944003
5,0.0030572965780284516
6,0.00277841120334388
7,0.0025733184850666876
8,0.001923503389536563
9,0.001509637659772759
10,0.001204088697293825
