{"c1": 0.8597358462589856, "c2": 0.18866476010586933, "w": 0.9763799669573134, "n_particles": 15, "n_clusters": 3, "best_score": 0.7345900988209803}